id,text,language,state,district,expected_rule_id
"TR-001","Deep potholes have opened up on the asphalt road near my building in Pune.","en","Maharashtra","Pune","EH-001"
"TR-002","Drinking water has not reached our taps for three days and the pipeline is leaking.","en","Maharashtra","Pune","EH-002"
"TR-003","The storm water drain outside my house is choked and dirty water is stagnating.","en","Maharashtra","Pune","EH-003"
"TR-004","Nobody is lifting the waste from the community dustbin in our lane.","en","Maharashtra","Pune","EH-004"
"TR-005","The LED street light on the electric pole outside our gate has stopped working.","en","Maharashtra","Pune","EH-005"
"TR-006","I need the latest house tax receipt and property tax valuation details.","en","Maharashtra","Pune","EH-006"
"TR-007","Please share availability of doctors and essential medicines in the government hospital.","en","Maharashtra","Pune","EH-007"
"TR-008","The classroom roof of the Zilla Parishad school is leaking and needs repair.","en","Maharashtra","Pune","EH-008"
"TR-009","The traffic signal at the junction is showing red continuously and needs fixing.","en","Maharashtra","Pune","EH-009"
"TR-010","I want information about state transport bus passes and route timings.","en","Maharashtra","Pune","EH-010"
"TR-011","There are frequent power cuts and the transformer near us makes loud noise.","en","Maharashtra","Pune","EH-011"
"TR-012","Please provide the mutation entry and survey copy of my land record from talathi.","en","Maharashtra","Pune","EH-012"
"TR-013","Requesting the approved building plan and occupation certificate from town planning.","en","Maharashtra","Pune","EH-013"
"TR-014","Road excavation work in Nagpur has left large potholes unfinished.","en","Maharashtra","Nagpur","EH-014"
"TR-015","Tap water supply in our Nagpur ward is stopped and the pipeline burst is unrepaired.","en","Maharashtra","Nagpur","EH-015"
"TR-016","Sewage overflow from the nala is flooding the street in Nagpur after rains.","en","Maharashtra","Nagpur","EH-016"
"TR-017","The garbage collection vehicle has not visited our Nagpur locality for ten days.","en","Maharashtra","Nagpur","EH-017"
"TR-018","The road lamps maintained by the electrical wing are all dark in Nagpur.","en","Maharashtra","Nagpur","EH-018"
"TR-019","Bed availability and treatment records of the government hospital in Nagpur are needed.","en","Maharashtra","Nagpur","EH-019"
"TR-020","The traffic signal timer near the square in Nagpur is malfunctioning.","en","Maharashtra","Nagpur","EH-020"
"TR-021","Please give the 7/12 extract land record of my plot in Nagpur district.","en","Maharashtra","Nagpur","EH-021"
"TR-022","I need the approval status for regularization of my building in Nagpur.","en","Maharashtra","Nagpur","EH-022"
"TR-023","मकान के सामने वाली सड़क में गहरे गड्ढे हो गए हैं, सड़क की मरम्मत कराएं।","hi","Maharashtra","Pune","EH-001"
"TR-024","तीन दिनों से नल में पानी नहीं आ रहा है और पानी की पाइपलाइन लीक कर रही है।","hi","Maharashtra","Pune","EH-002"
"TR-025","बारिश का पानी नाली में भर गया है और गटर जाम हो गया है।","hi","Maharashtra","Pune","EH-003"
"TR-026","कचरा उठाने की गाड़ी एक हफ्ते से नहीं आई और डस्टबिन भरा पड़ा है।","hi","Maharashtra","Pune","EH-004"
"TR-027","गली की स्ट्रीट लाइट कई दिनों से खराब है, अंधेरा छाया रहता है।","hi","Maharashtra","Pune","EH-005"
"TR-028","संपत्ति कर का नया आकारणी पत्र और हाउस टैक्स रसीद चाहिए।","hi","Maharashtra","Pune","EH-006"
"TR-029","सरकारी अस्पताल में डॉक्टरों और दवाइयों की उपलब्धता बताएं।","hi","Maharashtra","Pune","EH-007"
"TR-030","स्कूल की छत और कक्षा मरम्मत का काम अधूरा पड़ा है।","hi","Maharashtra","Pune","EH-008"
"TR-031","चौक पर यातायात सिग्नल कई दिनों से खराब है, लाल बत्ती जलती रहती है।","hi","Maharashtra","Pune","EH-009"
"TR-032","नागपुर की सड़क पर खड्ढे भरे हुए हैं और डामर का काम अधूरा है।","hi","Maharashtra","Nagpur","EH-014"
"TR-033","नागपुर में नल का पानी नहीं आ रहा है और पानी की आपूर्ति बंद है।","hi","Maharashtra","Nagpur","EH-015"
"TR-034","सरकारी अस्पताल में भर्ती मरीजों के लिए बेड और इलाज की जानकारी चाहिए।","hi","Maharashtra","Nagpur","EH-019"
"TR-035","आमच्या समोरीलच्या रस्त्यातील खड्डे पूर्ण दुरुस्त करावेत.","mr","Maharashtra","Pune","EH-001"
"TR-036","नळांमधून पाणी गळत आहे आणि पाणीपुरवठा बंद आहे.","mr","Maharashtra","Pune","EH-002"
"TR-037","गटार अडकलेली असून नाल्यांमधून गंदे पाणी सांडत आहे.","mr","Maharashtra","Pune","EH-003"
"TR-038","कचरा उचलण्याची गाडी येत नाही आणि कचराकुंडी भरलेली आहे.","mr","Maharashtra","Pune","EH-004"
"TR-039","पथदिवे बंद असल्याने रात्रीचा अंधार झाला आहे.","mr","Maharashtra","Pune","EH-005"
"TR-040","मालमत्ता कराची आकारणी आणि घरपट्टीची पावती हवी आहे.","mr","Maharashtra","Pune","EH-006"
"TR-041","शासकीय रुग्णालयात डॉक्टर आणि औषधे किती उपलब्ध आहेत हे माहिती द्यावे.","mr","Maharashtra","Pune","EH-007"
"TR-042","शाळेच्या छतावरून पाणी गळत असून वर्गखोलीची दुरुस्ती अपूर्ण आहे.","mr","Maharashtra","Pune","EH-008"
"TR-043","नागपूरमधील रस्त्यावरील खड्डे भरण्याचे काम अपूर्ण आहे.","mr","Maharashtra","Nagpur","EH-014"
"TR-044","नागपूरमध्ये नळ पाणी येत नाही आणि पाणीपुरवठा ठप्प झाला आहे.","mr","Maharashtra","Nagpur","EH-015"
